asfjldkj,filename,filename,filename,filename,filename
asfjldkj,filename,filename,filename,filename,filename
asfjldkj,filename,filename,filename,filename,filename
asfjldkj,filename,filename,filename,filename,filename
asfjldkj,filename,filename,filename,filename,filename
asfjldkj,filename,filename,filename,filename,filename
asfjldkj,filename,filename,filename,filename,filename
asfjldkj,filename,filename,filename,filename,filename
asfjldkj,filename,filename,filename,filename,filename
asfjldkj,filename,filename,filename,filename,filename
asfjldkj,filename,filename,filename,filename,filename
asfjldkj,filename,filename,filename,filename,filename
asfjldkj,filename,filename,filename,filename,filename
asfjldkj,filename,filename,filename,filename,filename
asfjldkj,filename,filename,filename,filename,filename
asfjldkj,filename,filename,filename,filename,filename
asfjldkj,filename,filename,filename,filename,filename
asfjldkj,filename,filename,filename,filename,filename
asfjldkj,filename,filename,filename,filename,filename
asfjldkj,filename,filename,filename,filename,filename
asfjldkj,filename,filename,filename,filename,filename
asfjldkj,filename,filename,filename,filename,filename
asfjldkj,filename,filename,filename,filename,filename
asfjldkj,filename,filename,filename,filename,filename
asfjldkj,filename,filename,filename,filename,filename
asfjldkj,filename,filename,filename,filename,filename
asfjldkj,filename,filename,filename,filename,filename
asfjldkj,filename,filename,filename,filename,filename
asfjldkj,filename,filename,filename,filename,filename
asfjldkj,filename,filename,filename,filename,filename
asfjldkj,filename,filename,filename,filename,filename
asfjldkj,filename,filename,filename,filename,filename
asfjldkj,filename,filename,filename,filename,filename
asfjldkj,filename,filename,filename,filename,filename
asfjldkj,filename,filename,filename,filename,filename
asfjldkj,filename,filename,filename,filename,filename
asfjldkj,filename,filename,filename,filename,filename
asfjldkj,filename,filename,filename,filename,filename
asfjldkj,filename,filename,filename,filename,filename
asfjldkj,filename,filename,filename,filename,filename
asfjldkj,filename,filename,filename,filename,filename
asfjldkj,filename,filename,filename,filename,filename
asfjldkj,filename,filename,filename,filename,filename
asfjldkj,filename,filename,filename,filename,filename
asfjldkj,filename,filename,filename,filename,filename
asfjldkj,filename,filename,filename,filename,filename
asfjldkj,filename,filename,filename,filename,filename
asfjldkj,filename,filename,filename,filename,filename
asfjldkj,filename,filename,filename,filename,filename
asfjldkj,filename,filename,filename,filename,filename
asfjldkj,filename,filename,filename,filename,filename
asfjldkj,filename,filename,filename,filename,filename
asfjldkj,filename,filename,filename,filename,filename
asfjldkj,filename,filename,filename,filename,filename